<?xml version="1.0" encoding="UTF-8"?>
<configurationDescriptor version="100">
  <logicalFolder name="root" displayName="root" projectFiles="true" kind="ROOT">
    <logicalFolder name="HeaderFiles"
                   displayName="Header Files"
                   projectFiles="true">
      <itemPath>interfaces/ICollectible.h</itemPath>
      <itemPath>interfaces/ICollection.h</itemPath>
      <itemPath>interfaces/IDictionary.h</itemPath>
      <itemPath>interfaces/IIterator.h</itemPath>
      <itemPath>interfaces/IKey.h</itemPath>
      <itemPath>Integer.h</itemPath>
      <itemPath>collections/List.h</itemPath>
      <itemPath>collections/ListIterator.h</itemPath>
      <itemPath>collections/ListNode.h</itemPath>
      <itemPath>collections/OrderedDictionary.h</itemPath>
      <itemPath>collections/OrderedDictionaryEntry.h</itemPath>
      <itemPath>interfaces/OrderedKey.h</itemPath>
      <itemPath>String.h</itemPath>
    </logicalFolder>
    <logicalFolder name="ResourceFiles"
                   displayName="Resource Files"
                   projectFiles="true">
    </logicalFolder>
    <logicalFolder name="SourceFiles"
                   displayName="Source Files"
                   projectFiles="true">
      <itemPath>interfaces/ICollectible.cpp</itemPath>
      <itemPath>interfaces/ICollection.cpp</itemPath>
      <itemPath>interfaces/IDictionary.cpp</itemPath>
      <itemPath>interfaces/IIterator.cpp</itemPath>
      <itemPath>interfaces/IKey.cpp</itemPath>
      <itemPath>Integer.cpp</itemPath>
      <itemPath>collections/List.cpp</itemPath>
      <itemPath>collections/ListIterator.cpp</itemPath>
      <itemPath>collections/ListNode.cpp</itemPath>
      <itemPath>collections/OrderedDictionary.cpp</itemPath>
      <itemPath>collections/OrderedDictionaryEntry.cpp</itemPath>
      <itemPath>interfaces/OrderedKey.cpp</itemPath>
      <itemPath>String.cpp</itemPath>
      <itemPath>test.cpp</itemPath>
    </logicalFolder>
    <logicalFolder name="ExternalFiles"
                   displayName="Important Files"
                   projectFiles="false">
      <itemPath>Makefile</itemPath>
    </logicalFolder>
  </logicalFolder>
  <sourceRootList>
    <Elem>.</Elem>
  </sourceRootList>
  <projectmakefile>Makefile</projectmakefile>
  <confs>
    <conf name="Debug" type="1">
      <toolsSet>
        <compilerSet>Cygwin|Cygwin</compilerSet>
        <dependencyChecking>true</dependencyChecking>
        <rebuildPropChanged>false</rebuildPropChanged>
      </toolsSet>
      <compileType>
        <ccTool>
          <commandLine>-Wextra -ansi -pedantic</commandLine>
          <warningLevel>2</warningLevel>
        </ccTool>
      </compileType>
      <item path="Integer.cpp" ex="false" tool="1" flavor2="0">
      </item>
      <item path="Integer.h" ex="false" tool="3" flavor2="0">
      </item>
      <item path="String.cpp" ex="false" tool="1" flavor2="0">
      </item>
      <item path="String.h" ex="false" tool="3" flavor2="0">
      </item>
      <item path="collections/List.cpp" ex="false" tool="1" flavor2="0">
      </item>
      <item path="collections/List.h" ex="false" tool="3" flavor2="0">
      </item>
      <item path="collections/ListIterator.cpp" ex="false" tool="1" flavor2="0">
      </item>
      <item path="collections/ListIterator.h" ex="false" tool="3" flavor2="0">
      </item>
      <item path="collections/ListNode.cpp" ex="false" tool="1" flavor2="0">
      </item>
      <item path="collections/ListNode.h" ex="false" tool="3" flavor2="0">
      </item>
      <item path="collections/OrderedDictionary.cpp" ex="false" tool="1" flavor2="0">
      </item>
      <item path="collections/OrderedDictionary.h" ex="false" tool="3" flavor2="0">
      </item>
      <item path="collections/OrderedDictionaryEntry.cpp"
            ex="false"
            tool="1"
            flavor2="0">
      </item>
      <item path="collections/OrderedDictionaryEntry.h"
            ex="false"
            tool="3"
            flavor2="0">
      </item>
      <item path="interfaces/ICollectible.cpp" ex="false" tool="1" flavor2="0">
      </item>
      <item path="interfaces/ICollectible.h" ex="false" tool="3" flavor2="0">
      </item>
      <item path="interfaces/ICollection.cpp" ex="false" tool="1" flavor2="0">
      </item>
      <item path="interfaces/ICollection.h" ex="false" tool="3" flavor2="0">
      </item>
      <item path="interfaces/IDictionary.cpp" ex="false" tool="1" flavor2="0">
      </item>
      <item path="interfaces/IDictionary.h" ex="false" tool="3" flavor2="0">
      </item>
      <item path="interfaces/IIterator.cpp" ex="false" tool="1" flavor2="0">
      </item>
      <item path="interfaces/IIterator.h" ex="false" tool="3" flavor2="0">
      </item>
      <item path="interfaces/IKey.cpp" ex="false" tool="1" flavor2="0">
      </item>
      <item path="interfaces/IKey.h" ex="false" tool="3" flavor2="0">
      </item>
      <item path="interfaces/OrderedKey.cpp" ex="false" tool="1" flavor2="0">
      </item>
      <item path="interfaces/OrderedKey.h" ex="false" tool="3" flavor2="0">
      </item>
      <item path="test.cpp" ex="false" tool="1" flavor2="0">
      </item>
    </conf>
    <conf name="Release" type="1">
      <toolsSet>
        <compilerSet>GNU|GNU</compilerSet>
        <dependencyChecking>true</dependencyChecking>
        <rebuildPropChanged>false</rebuildPropChanged>
      </toolsSet>
      <compileType>
        <cTool>
          <developmentMode>5</developmentMode>
        </cTool>
        <ccTool>
          <developmentMode>5</developmentMode>
        </ccTool>
        <fortranCompilerTool>
          <developmentMode>5</developmentMode>
        </fortranCompilerTool>
      </compileType>
      <item path="Integer.cpp" ex="false" tool="1" flavor2="0">
      </item>
      <item path="Integer.h" ex="false" tool="3" flavor2="0">
      </item>
      <item path="String.cpp" ex="false" tool="1" flavor2="0">
      </item>
      <item path="String.h" ex="false" tool="3" flavor2="0">
      </item>
      <item path="collections/List.cpp" ex="false" tool="1" flavor2="0">
      </item>
      <item path="collections/List.h" ex="false" tool="3" flavor2="0">
      </item>
      <item path="collections/ListIterator.cpp" ex="false" tool="1" flavor2="0">
      </item>
      <item path="collections/ListIterator.h" ex="false" tool="3" flavor2="0">
      </item>
      <item path="collections/ListNode.cpp" ex="false" tool="1" flavor2="0">
      </item>
      <item path="collections/ListNode.h" ex="false" tool="3" flavor2="0">
      </item>
      <item path="collections/OrderedDictionary.cpp" ex="false" tool="1" flavor2="0">
      </item>
      <item path="collections/OrderedDictionary.h" ex="false" tool="3" flavor2="0">
      </item>
      <item path="collections/OrderedDictionaryEntry.cpp"
            ex="false"
            tool="1"
            flavor2="0">
      </item>
      <item path="collections/OrderedDictionaryEntry.h"
            ex="false"
            tool="3"
            flavor2="0">
      </item>
      <item path="interfaces/ICollectible.cpp" ex="false" tool="1" flavor2="0">
      </item>
      <item path="interfaces/ICollectible.h" ex="false" tool="3" flavor2="0">
      </item>
      <item path="interfaces/ICollection.cpp" ex="false" tool="1" flavor2="0">
      </item>
      <item path="interfaces/ICollection.h" ex="false" tool="3" flavor2="0">
      </item>
      <item path="interfaces/IDictionary.cpp" ex="false" tool="1" flavor2="0">
      </item>
      <item path="interfaces/IDictionary.h" ex="false" tool="3" flavor2="0">
      </item>
      <item path="interfaces/IIterator.cpp" ex="false" tool="1" flavor2="0">
      </item>
      <item path="interfaces/IIterator.h" ex="false" tool="3" flavor2="0">
      </item>
      <item path="interfaces/IKey.cpp" ex="false" tool="1" flavor2="0">
      </item>
      <item path="interfaces/IKey.h" ex="false" tool="3" flavor2="0">
      </item>
      <item path="interfaces/OrderedKey.cpp" ex="false" tool="1" flavor2="0">
      </item>
      <item path="interfaces/OrderedKey.h" ex="false" tool="3" flavor2="0">
      </item>
      <item path="test.cpp" ex="false" tool="1" flavor2="0">
      </item>
    </conf>
  </confs>
</configurationDescriptor>
